Type,Sid,Academic Year,isLocal,UserName,UserPassword
School,,,,CityU,Passw0rd
Student,S00001,2,F,JohnS00001,Passw0rd
Student,S00002,3,F,WilliamS00002,Passw0rd
Student,S00003,3,F,JamesS00003,Passw0rd
Student,S00004,4,T,CharlesS00004,Passw0rd
Student,S00005,3,F,GeorgeS00005,Passw0rd
Student,S00006,4,F,FrankS00006,Passw0rd
Student,S00007,2,T,JosephS00007,Passw0rd
Student,S00008,3,T,ThomasS00008,Passw0rd
Student,S00009,4,T,HenryS00009,Passw0rd
Student,S00010,2,T,RobertS00010,Passw0rd
Student,S00011,3,F,EdwardS00011,Passw0rd
Student,S00012,4,T,HarryS00012,Passw0rd
Student,S00013,4,F,WalterS00013,Passw0rd
Student,S00014,1,F,ArthurS00014,Passw0rd
Student,S00015,3,F,FredS00015,Passw0rd
Student,S00016,3,F,AlbertS00016,Passw0rd
Student,S00017,3,T,SamuelS00017,Passw0rd
Student,S00018,2,T,DavidS00018,Passw0rd
Student,S00019,3,T,LouisS00019,Passw0rd
Student,S00020,4,F,JoeS00020,Passw0rd
Student,S00021,2,T,CharlieS00021,Passw0rd
Student,S00022,4,F,ClarenceS00022,Passw0rd
Student,S00023,1,T,RichardS00023,Passw0rd
Student,S00024,3,T,AndrewS00024,Passw0rd
Student,S00025,2,T,DanielS00025,Passw0rd
Student,S00026,4,F,ErnestS00026,Passw0rd
Student,S00027,1,T,WillS00027,Passw0rd
Student,S00028,1,T,JesseS00028,Passw0rd
Student,S00029,4,F,OscarS00029,Passw0rd
Student,S00030,2,F,LewisS00030,Passw0rd
Student,S00031,3,F,PeterS00031,Passw0rd
Student,S00032,1,F,BenjaminS00032,Passw0rd
Student,S00033,1,T,FrederickS00033,Passw0rd
Student,S00034,1,T,WillieS00034,Passw0rd
Student,S00035,3,F,AlfredS00035,Passw0rd
Student,S00036,3,F,SamS00036,Passw0rd
Student,S00037,4,F,RoyS00037,Passw0rd
Student,S00038,2,T,HerbertS00038,Passw0rd
Student,S00039,4,F,JacobS00039,Passw0rd
Student,S00040,1,F,TomS00040,Passw0rd
Student,S00041,1,T,ElmerS00041,Passw0rd
Student,S00042,4,T,CarlS00042,Passw0rd
Student,S00043,4,F,LeeS00043,Passw0rd
Student,S00044,4,T,HowardS00044,Passw0rd
Student,S00045,4,T,MartinS00045,Passw0rd
Student,S00046,4,T,MichaelS00046,Passw0rd
Student,S00047,2,T,BertS00047,Passw0rd
Student,S00048,3,F,HermanS00048,Passw0rd
Student,S00049,2,F,JimS00049,Passw0rd
Student,S00050,2,T,FrancisS00050,Passw0rd
Student,S00051,1,F,HarveyS00051,Passw0rd
Student,S00052,2,T,EarlS00052,Passw0rd
Student,S00053,2,F,EugeneS00053,Passw0rd
Student,S00054,1,F,RalphS00054,Passw0rd
Student,S00055,2,T,EdS00055,Passw0rd
Student,S00056,2,F,ClaudeS00056,Passw0rd
Student,S00057,2,T,EdwinS00057,Passw0rd
Student,S00058,2,F,BenS00058,Passw0rd
Student,S00059,2,F,CharleyS00059,Passw0rd
Student,S00060,4,F,PaulS00060,Passw0rd
Student,S00061,2,F,EdgarS00061,Passw0rd
Student,S00062,4,F,IsaacS00062,Passw0rd
Student,S00063,4,T,OttoS00063,Passw0rd
Student,S00064,3,T,LutherS00064,Passw0rd
Student,S00065,3,T,LawrenceS00065,Passw0rd
Student,S00066,2,T,IraS00066,Passw0rd
Student,S00067,1,F,PatrickS00067,Passw0rd
Student,S00068,4,F,GuyS00068,Passw0rd
Student,S00069,2,F,OliverS00069,Passw0rd
Student,S00070,1,F,TheodoreS00070,Passw0rd
Student,S00071,4,F,HughS00071,Passw0rd
Student,S00072,4,F,ClydeS00072,Passw0rd
Student,S00073,1,F,AlexanderS00073,Passw0rd
Student,S00074,2,F,AugustS00074,Passw0rd
Student,S00075,2,F,FloydS00075,Passw0rd
Student,S00076,4,F,HomerS00076,Passw0rd
Student,S00077,4,F,JackS00077,Passw0rd
Student,S00078,1,T,LeonardS00078,Passw0rd
Student,S00079,4,T,HoraceS00079,Passw0rd
Student,S00080,4,F,MarionS00080,Passw0rd
Student,S00081,2,F,PhilipS00081,Passw0rd
Student,S00082,3,F,AllenS00082,Passw0rd
Student,S00083,3,T,ArchieS00083,Passw0rd
Student,S00084,4,F,StephenS00084,Passw0rd
Student,S00085,2,T,ChesterS00085,Passw0rd
Student,S00086,1,F,WillisS00086,Passw0rd
Student,S00087,4,T,RaymondS00087,Passw0rd
Student,S00088,4,F,RufusS00088,Passw0rd
Student,S00089,3,F,WarrenS00089,Passw0rd
Student,S00090,1,T,JessieS00090,Passw0rd
Student,S00091,3,T,MiltonS00091,Passw0rd
Student,S00092,3,T,AlexS00092,Passw0rd
Student,S00093,1,F,LeoS00093,Passw0rd
Student,S00094,2,F,JuliusS00094,Passw0rd
Student,S00095,3,T,RayS00095,Passw0rd
Student,S00096,4,F,SidneyS00096,Passw0rd
Student,S00097,2,F,BernardS00097,Passw0rd
Student,S00098,4,F,DanS00098,Passw0rd
Student,S00099,3,F,JerryS00099,Passw0rd
Student,S00100,2,T,CalvinS00100,Passw0rd
Student,S00101,2,T,PerryS00101,Passw0rd
Student,S00102,2,F,DaveS00102,Passw0rd
Student,S00103,4,T,AnthonyS00103,Passw0rd
Student,S00104,4,T,EddieS00104,Passw0rd
Student,S00105,1,T,AmosS00105,Passw0rd
Student,S00106,3,T,DennisS00106,Passw0rd
Student,S00107,3,T,CliffordS00107,Passw0rd
Student,S00108,1,F,LeroyS00108,Passw0rd
Student,S00109,4,T,WesleyS00109,Passw0rd
Student,S00110,1,F,AlonzoS00110,Passw0rd
Student,S00111,3,F,GarfieldS00111,Passw0rd
Student,S00112,3,F,FranklinS00112,Passw0rd
Student,S00113,2,T,EmilS00113,Passw0rd
Student,S00114,4,F,LeonS00114,Passw0rd
Student,S00115,2,F,NathanS00115,Passw0rd
Student,S00116,3,T,HaroldS00116,Passw0rd
Student,S00117,4,T,MatthewS00117,Passw0rd
Student,S00118,2,T,LeviS00118,Passw0rd
Student,S00119,2,T,MosesS00119,Passw0rd
Student,S00120,2,F,EverettS00120,Passw0rd
Student,S00121,2,F,LesterS00121,Passw0rd
Student,S00122,2,T,WinfieldS00122,Passw0rd
Student,S00123,1,T,AdamS00123,Passw0rd
Student,S00124,2,F,LloydS00124,Passw0rd
Student,S00125,3,F,MackS00125,Passw0rd
Student,S00126,1,F,FredrickS00126,Passw0rd
Student,S00127,3,F,JayS00127,Passw0rd
Student,S00128,3,F,JessS00128,Passw0rd
Student,S00129,1,F,MelvinS00129,Passw0rd
Student,S00130,2,F,NoahS00130,Passw0rd
Student,S00131,3,T,AaronS00131,Passw0rd
Student,S00132,4,T,AlvinS00132,Passw0rd
Student,S00133,2,T,NormanS00133,Passw0rd
Student,S00134,3,T,GilbertS00134,Passw0rd
Student,S00135,4,T,ElijahS00135,Passw0rd
Student,S00136,2,F,VictorS00136,Passw0rd
Student,S00137,3,T,GusS00137,Passw0rd
Student,S00138,1,T,NelsonS00138,Passw0rd
Student,S00139,1,T,JasperS00139,Passw0rd
Student,S00140,1,F,SilasS00140,Passw0rd
Student,S00141,3,T,ChristopherS00141,Passw0rd
Student,S00142,4,F,JakeS00142,Passw0rd
Student,S00143,3,T,MikeS00143,Passw0rd
Student,S00144,1,T,PercyS00144,Passw0rd
Student,S00145,4,T,AdolphS00145,Passw0rd
Student,S00146,1,T,MauriceS00146,Passw0rd
Student,S00147,2,F,CorneliusS00147,Passw0rd
Student,S00148,3,T,FelixS00148,Passw0rd
Student,S00149,4,F,ReubenS00149,Passw0rd
Student,S00150,4,F,WallaceS00150,Passw0rd
Student,S00151,4,F,ClaudS00151,Passw0rd
Student,S00152,1,F,RoscoeS00152,Passw0rd
Student,S00153,4,F,SylvesterS00153,Passw0rd
Student,S00154,3,T,EarnestS00154,Passw0rd
Student,S00155,2,T,HiramS00155,Passw0rd
Student,S00156,1,F,OtisS00156,Passw0rd
Student,S00157,2,T,SimonS00157,Passw0rd
Student,S00158,4,F,WillardS00158,Passw0rd
Student,S00159,4,F,IrvinS00159,Passw0rd
Student,S00160,4,F,MarkS00160,Passw0rd
Student,S00161,2,T,JoseS00161,Passw0rd
Student,S00162,2,F,WilburS00162,Passw0rd
Student,S00163,2,F,AbrahamS00163,Passw0rd
Student,S00164,2,T,VirgilS00164,Passw0rd
Student,S00165,2,F,ClintonS00165,Passw0rd
Student,S00166,4,F,ElbertS00166,Passw0rd
Student,S00167,3,T,LeslieS00167,Passw0rd
Student,S00168,2,T,MarshallS00168,Passw0rd
Student,S00169,1,F,OwenS00169,Passw0rd
Student,S00170,2,F,WileyS00170,Passw0rd
Student,S00171,2,T,AntonS00171,Passw0rd
Student,S00172,3,F,MorrisS00172,Passw0rd
Student,S00173,1,T,ManuelS00173,Passw0rd
Student,S00174,2,T,PhillipS00174,Passw0rd
Student,S00175,3,F,AugustusS00175,Passw0rd
Student,S00176,3,F,EmmettS00176,Passw0rd
Student,S00177,1,F,EliS00177,Passw0rd
Student,S00178,4,F,NicholasS00178,Passw0rd
Student,S00179,1,F,WilsonS00179,Passw0rd
Student,S00180,1,T,AlvaS00180,Passw0rd
Student,S00181,3,T,HarleyS00181,Passw0rd
Student,S00182,3,T,NewtonS00182,Passw0rd
Student,S00183,4,T,TimothyS00183,Passw0rd
Student,S00184,4,F,MarvinS00184,Passw0rd
Student,S00185,4,F,RossS00185,Passw0rd
Student,S00186,1,T,CurtisS00186,Passw0rd
Student,S00187,1,T,EdmundS00187,Passw0rd
Student,S00188,2,T,JeffS00188,Passw0rd
Student,S00189,4,F,EliasS00189,Passw0rd
Student,S00190,2,T,HarrisonS00190,Passw0rd
Student,S00191,1,F,StanleyS00191,Passw0rd
Student,S00192,3,T,ColumbusS00192,Passw0rd
Student,S00193,3,T,LonS00193,Passw0rd
Student,S00194,2,F,OraS00194,Passw0rd
Student,S00195,1,T,OllieS00195,Passw0rd
Student,S00196,2,F,RussellS00196,Passw0rd
Student,S00197,1,T,PearlS00197,Passw0rd
Student,S00198,3,F,SolomonS00198,Passw0rd
Student,S00199,1,T,ArchS00199,Passw0rd
Student,S00200,2,T,AsaS00200,Passw0rd
Student,S00201,3,F,ClaytonS00201,Passw0rd
Student,S00202,4,T,EnochS00202,Passw0rd
Student,S00203,2,T,IrvingS00203,Passw0rd
Student,S00204,1,T,MathewS00204,Passw0rd
Student,S00205,4,T,NathanielS00205,Passw0rd
Student,S00206,1,T,ScottS00206,Passw0rd
Student,S00207,3,F,HubertS00207,Passw0rd
Student,S00208,4,T,LemuelS00208,Passw0rd
Student,S00209,2,F,AndyS00209,Passw0rd
Student,S00210,1,F,EllisS00210,Passw0rd
Student,S00211,1,F,EmanuelS00211,Passw0rd
Student,S00212,2,F,JoshuaS00212,Passw0rd
Student,S00213,4,F,MillardS00213,Passw0rd
Student,S00214,3,F,VernonS00214,Passw0rd
Student,S00215,4,F,WadeS00215,Passw0rd
Student,S00216,3,F,CyrusS00216,Passw0rd
Student,S00217,2,T,MilesS00217,Passw0rd
Student,S00218,4,F,RudolphS00218,Passw0rd
Student,S00219,1,T,ShermanS00219,Passw0rd
Student,S00220,4,T,AustinS00220,Passw0rd
Student,S00221,4,T,BillS00221,Passw0rd
Student,S00222,3,T,ChasS00222,Passw0rd
Student,S00223,1,T,LonnieS00223,Passw0rd
Student,S00224,2,T,MonroeS00224,Passw0rd
Student,S00225,1,T,ByronS00225,Passw0rd
Student,S00226,2,T,EddS00226,Passw0rd
Student,S00227,1,T,EmeryS00227,Passw0rd
Student,S00228,3,T,GrantS00228,Passw0rd
Student,S00229,3,F,JeromeS00229,Passw0rd
Student,S00230,4,T,MaxS00230,Passw0rd
Student,S00231,1,F,MoseS00231,Passw0rd
Student,S00232,1,T,SteveS00232,Passw0rd
Student,S00233,2,F,GordonS00233,Passw0rd
Student,S00234,3,T,AbeS00234,Passw0rd
Student,S00235,1,T,PeteS00235,Passw0rd
Student,S00236,4,T,ChrisS00236,Passw0rd
Student,S00237,2,F,ClarkS00237,Passw0rd
Student,S00238,2,T,GustaveS00238,Passw0rd
Student,S00239,1,T,OrvilleS00239,Passw0rd
Student,S00240,2,F,LorenzoS00240,Passw0rd
Student,S00241,3,F,BruceS00241,Passw0rd
Student,S00242,4,F,MarcusS00242,Passw0rd
Student,S00243,4,F,PrestonS00243,Passw0rd
Student,S00244,2,F,BobS00244,Passw0rd
Student,S00245,3,F,DockS00245,Passw0rd
Student,S00246,2,T,DonaldS00246,Passw0rd
Student,S00247,2,T,JacksonS00247,Passw0rd
Student,S00248,4,T,CecilS00248,Passw0rd
Student,S00249,2,T,BarneyS00249,Passw0rd
Student,S00250,2,T,DelbertS00250,Passw0rd
Student,S00251,1,T,EdmondS00251,Passw0rd
Student,S00252,3,F,AndersonS00252,Passw0rd
Student,S00253,3,F,ChristianS00253,Passw0rd
Student,S00254,3,T,GlennS00254,Passw0rd
Student,S00255,4,F,JeffersonS00255,Passw0rd
Student,S00256,3,F,LukeS00256,Passw0rd
Student,S00257,4,F,NealS00257,Passw0rd
Student,S00258,4,T,BurtS00258,Passw0rd
Student,S00259,2,F,IkeS00259,Passw0rd
Student,S00260,1,T,MyronS00260,Passw0rd
Student,S00261,4,T,TonyS00261,Passw0rd
Student,S00262,4,F,ConradS00262,Passw0rd
Student,S00263,2,T,JoelS00263,Passw0rd
Student,S00264,4,T,MattS00264,Passw0rd
Student,S00265,4,F,RileyS00265,Passw0rd
Student,S00266,4,T,VincentS00266,Passw0rd
Student,S00267,3,F,EmoryS00267,Passw0rd
Student,S00268,4,T,IsaiahS00268,Passw0rd
Student,S00269,4,F,NickS00269,Passw0rd
Student,S00270,3,T,EzraS00270,Passw0rd
Student,S00271,4,F,GreenS00271,Passw0rd
Student,S00272,4,T,JuanS00272,Passw0rd
Student,S00273,3,F,CliftonS00273,Passw0rd
Student,S00274,1,F,LuciusS00274,Passw0rd
Student,S00275,3,T,PorterS00275,Passw0rd
Student,S00276,4,T,ArnoldS00276,Passw0rd
Student,S00277,3,F,BudS00277,Passw0rd
Student,S00278,2,F,JeremiahS00278,Passw0rd
Student,S00279,2,T,TaylorS00279,Passw0rd
Student,S00280,4,T,ForrestS00280,Passw0rd
Student,S00281,1,T,RolandS00281,Passw0rd
Student,S00282,3,T,SpencerS00282,Passw0rd
Student,S00283,4,F,BurtonS00283,Passw0rd
Student,S00284,1,T,DonS00284,Passw0rd
Student,S00285,4,F,EmmetS00285,Passw0rd
Student,S00286,2,F,GustavS00286,Passw0rd
Student,S00287,1,T,LouieS00287,Passw0rd
Student,S00288,2,F,MorganS00288,Passw0rd
Student,S00289,1,T,NedS00289,Passw0rd
Student,S00290,4,T,VanS00290,Passw0rd
Student,S00291,3,F,AmbroseS00291,Passw0rd
Student,S00292,1,F,ChaunceyS00292,Passw0rd
Student,S00293,2,T,ElishaS00293,Passw0rd
Student,S00294,2,F,FerdinandS00294,Passw0rd
Student,S00295,4,F,GeneralS00295,Passw0rd
Student,S00296,3,F,JulianS00296,Passw0rd
Student,S00297,1,T,KennethS00297,Passw0rd
Student,S00298,1,F,MitchellS00298,Passw0rd
Student,S00299,2,F,AllieS00299,Passw0rd
Student,S00300,4,F,JoshS00300,Passw0rd
Student,S00301,3,T,JudsonS00301,Passw0rd
Student,S00302,1,F,LymanS00302,Passw0rd
Student,S00303,2,F,NapoleonS00303,Passw0rd
Student,S00304,4,T,PedroS00304,Passw0rd
Student,S00305,2,F,BerryS00305,Passw0rd
Student,S00306,3,T,DewittS00306,Passw0rd
Student,S00307,4,T,ErvinS00307,Passw0rd
Student,S00308,4,F,ForestS00308,Passw0rd
Student,S00309,4,F,LynnS00309,Passw0rd
Student,S00310,2,T,PinkS00310,Passw0rd
Student,S00311,2,F,RubenS00311,Passw0rd
Student,S00312,3,F,SanfordS00312,Passw0rd
Student,S00313,1,T,WardS00313,Passw0rd
Student,S00314,2,T,DouglasS00314,Passw0rd
Student,S00315,2,T,OleS00315,Passw0rd
Student,S00316,4,T,OmerS00316,Passw0rd
Student,S00317,4,T,UlyssesS00317,Passw0rd
Student,S00318,4,T,WalkerS00318,Passw0rd
Student,S00319,1,F,WilbertS00319,Passw0rd
Student,S00320,4,F,AdelbertS00320,Passw0rd
Student,S00321,4,T,BenjimanS00321,Passw0rd
Student,S00322,4,T,IvanS00322,Passw0rd
Student,S00323,3,F,JonasS00323,Passw0rd
Student,S00324,3,F,MajorS00324,Passw0rd
Student,S00325,2,F,AbnerS00325,Passw0rd
Student,S00326,3,T,ArchibaldS00326,Passw0rd
Student,S00327,4,F,CalebS00327,Passw0rd
Student,S00328,2,F,ClintS00328,Passw0rd
Student,S00329,3,F,DudleyS00329,Passw0rd
Student,S00330,3,F,GranvilleS00330,Passw0rd
Student,S00331,1,F,KingS00331,Passw0rd
Student,S00332,2,F,MaryS00332,Passw0rd
Student,S00333,1,T,MertonS00333,Passw0rd
Student,S00334,4,F,AntonioS00334,Passw0rd
Student,S00335,1,F,BennieS00335,Passw0rd
Student,S00336,2,T,CarrollS00336,Passw0rd
Student,S00337,2,T,FreemanS00337,Passw0rd
Student,S00338,4,T,JosiahS00338,Passw0rd
Student,S00339,1,T,MiloS00339,Passw0rd
Student,S00340,2,T,RoyalS00340,Passw0rd
Student,S00341,1,T,DickS00341,Passw0rd
Student,S00342,4,T,EarleS00342,Passw0rd
Student,S00343,1,T,ElzaS00343,Passw0rd
Student,S00344,1,F,EmersonS00344,Passw0rd
Student,S00345,3,F,FletcherS00345,Passw0rd
Student,S00346,3,T,JudgeS00346,Passw0rd
Student,S00347,2,T,LaurenceS00347,Passw0rd
Student,S00348,3,F,NeilS00348,Passw0rd
Student,S00349,3,T,RogerS00349,Passw0rd
Student,S00350,4,T,SethS00350,Passw0rd
Student,S00351,2,F,GlenS00351,Passw0rd
Student,S00352,1,T,HugoS00352,Passw0rd
Student,S00353,3,T,JimmieS00353,Passw0rd
Student,S00354,3,F,JohnnieS00354,Passw0rd
Student,S00355,1,T,WashingtonS00355,Passw0rd
Student,S00356,3,F,ElwoodS00356,Passw0rd
Student,S00357,1,T,GustS00357,Passw0rd
Student,S00358,2,F,HarmonS00358,Passw0rd
Student,S00359,3,F,JordanS00359,Passw0rd
Student,S00360,4,F,SimeonS00360,Passw0rd
Student,S00361,1,T,WayneS00361,Passw0rd
Student,S00362,2,T,WilberS00362,Passw0rd
Student,S00363,1,F,ClemS00363,Passw0rd
Student,S00364,3,T,EvanS00364,Passw0rd
Student,S00365,2,F,FredericS00365,Passw0rd
Student,S00366,3,T,IrwinS00366,Passw0rd
Student,S00367,3,F,JuniusS00367,Passw0rd
Student,S00368,2,F,LafayetteS00368,Passw0rd
Student,S00369,1,F,LorenS00369,Passw0rd
Student,S00370,1,T,MadisonS00370,Passw0rd
Student,S00371,3,F,MasonS00371,Passw0rd
Student,S00372,4,T,OrvalS00372,Passw0rd
Student,S00373,1,T,AbramS00373,Passw0rd
Student,S00374,2,T,AubreyS00374,Passw0rd
Student,S00375,3,F,ElliottS00375,Passw0rd
Student,S00376,2,T,HansS00376,Passw0rd
Student,S00377,4,F,KarlS00377,Passw0rd
Student,S00378,3,T,MinorS00378,Passw0rd
Student,S00379,1,F,WashS00379,Passw0rd
Student,S00380,4,T,WilfredS00380,Passw0rd
Student,S00381,1,F,AllanS00381,Passw0rd
Student,S00382,1,T,AlphonseS00382,Passw0rd
Student,S00383,4,F,DallasS00383,Passw0rd
Student,S00384,2,F,DeeS00384,Passw0rd
Student,S00385,2,F,IsiahS00385,Passw0rd
Student,S00386,1,F,JasonS00386,Passw0rd
Student,S00387,1,T,JohnnyS00387,Passw0rd
Student,S00388,1,T,LawsonS00388,Passw0rd
Student,S00389,4,F,LewS00389,Passw0rd
Student,S00390,1,T,MichealS00390,Passw0rd
Student,S00391,2,T,OrinS00391,Passw0rd
Student,S00392,4,F,AddisonS00392,Passw0rd
Student,S00393,1,F,CalS00393,Passw0rd
Student,S00394,2,T,ErastusS00394,Passw0rd
Student,S00395,1,F,FranciscoS00395,Passw0rd
Student,S00396,4,T,HardyS00396,Passw0rd
Student,S00397,1,F,LucienS00397,Passw0rd
Student,S00398,1,F,RandolphS00398,Passw0rd
Student,S00399,3,F,StewartS00399,Passw0rd
Student,S00400,4,F,VernS00400,Passw0rd
Student,S00401,2,T,WilmerS00401,Passw0rd
Student,S00402,3,F,ZackS00402,Passw0rd
Student,S00403,2,T,AdrianS00403,Passw0rd
Student,S00404,1,T,AlvahS00404,Passw0rd
Student,S00405,4,F,BertramS00405,Passw0rd
Student,S00406,3,T,ClayS00406,Passw0rd
Student,S00407,2,F,EphraimS00407,Passw0rd
Student,S00408,2,F,FritzS00408,Passw0rd
Student,S00409,4,T,GilesS00409,Passw0rd
Student,S00410,1,F,GroverS00410,Passw0rd
Student,S00411,4,T,HarrisS00411,Passw0rd
Student,S00412,3,F,IsomS00412,Passw0rd
Student,S00413,4,T,JesusS00413,Passw0rd
Student,S00414,3,T,JohnieS00414,Passw0rd
Student,S00415,4,F,JonathanS00415,Passw0rd
Student,S00416,1,F,LucianS00416,Passw0rd
Student,S00417,3,T,MalcolmS00417,Passw0rd
Student,S00418,3,F,MerrittS00418,Passw0rd
Student,S00419,2,F,OthoS00419,Passw0rd
Student,S00420,3,T,PerleyS00420,Passw0rd
Student,S00421,4,F,RollaS00421,Passw0rd
Student,S00422,4,F,SandyS00422,Passw0rd
Student,S00423,1,T,TomasS00423,Passw0rd
Student,S00424,3,F,WilfordS00424,Passw0rd
Student,S00425,3,T,AdolphusS00425,Passw0rd
Student,S00426,4,F,AngusS00426,Passw0rd
Student,S00427,2,T,ArtherS00427,Passw0rd
Student,S00428,4,T,CarlosS00428,Passw0rd
Student,S00429,1,T,CaryS00429,Passw0rd
Student,S00430,2,F,CassiusS00430,Passw0rd
Student,S00431,1,F,DavisS00431,Passw0rd
Student,S00432,3,F,HamiltonS00432,Passw0rd
Student,S00433,1,T,HarveS00433,Passw0rd
Student,S00434,1,T,IsraelS00434,Passw0rd
Student,S00435,2,F,LeanderS00435,Passw0rd
Student,S00436,2,F,MelvilleS00436,Passw0rd
Student,S00437,2,T,MerleS00437,Passw0rd
Student,S00438,2,T,MurrayS00438,Passw0rd
Student,S00439,3,F,PleasantS00439,Passw0rd
Student,S00440,2,T,SterlingS00440,Passw0rd
Student,S00441,1,F,StevenS00441,Passw0rd
Student,S00442,2,T,AxelS00442,Passw0rd
Student,S00443,2,T,BoydS00443,Passw0rd
Student,S00444,1,F,BryantS00444,Passw0rd
Student,S00445,4,F,ClementS00445,Passw0rd
Student,S00446,4,F,ErwinS00446,Passw0rd
Student,S00447,1,F,EzekielS00447,Passw0rd
Student,S00448,4,T,FosterS00448,Passw0rd
Student,S00449,2,F,FrancesS00449,Passw0rd
Student,S00450,3,T,GeoS00450,Passw0rd
Student,S00451,1,T,HoustonS00451,Passw0rd
Student,S00452,4,T,IssacS00452,Passw0rd
Student,S00453,4,T,JulesS00453,Passw0rd
Student,S00454,4,F,LarkinS00454,Passw0rd
Student,S00455,3,F,MatS00455,Passw0rd
Student,S00456,3,F,MortonS00456,Passw0rd
Student,S00457,2,T,OrlandoS00457,Passw0rd
Student,S00458,2,F,PierceS00458,Passw0rd
Student,S00459,3,F,PrinceS00459,Passw0rd
Student,S00460,3,T,RollieS00460,Passw0rd
Student,S00461,2,F,RollinS00461,Passw0rd
Student,S00462,1,F,SimS00462,Passw0rd
Student,S00463,2,T,StuartS00463,Passw0rd
Student,S00464,1,F,WilburnS00464,Passw0rd
Student,S00465,2,T,BennettS00465,Passw0rd
Student,S00466,4,F,CasperS00466,Passw0rd
Student,S00467,4,F,ChristS00467,Passw0rd
Student,S00468,1,F,DellS00468,Passw0rd
Student,S00469,4,F,EgbertS00469,Passw0rd
Student,S00470,3,T,ElmoS00470,Passw0rd
Student,S00471,3,F,FayS00471,Passw0rd
Student,S00472,2,T,GabrielS00472,Passw0rd
Student,S00473,2,T,HectorS00473,Passw0rd
Student,S00474,3,T,HoratioS00474,Passw0rd
Student,S00475,1,F,LigeS00475,Passw0rd
Student,S00476,2,T,SaulS00476,Passw0rd
Student,S00477,1,F,SmithS00477,Passw0rd
Student,S00478,4,F,SquireS00478,Passw0rd
Student,S00479,4,T,TobeS00479,Passw0rd
Student,S00480,2,F,TommieS00480,Passw0rd
Student,S00481,1,T,WyattS00481,Passw0rd
Student,S00482,3,T,AlfordS00482,Passw0rd
Student,S00483,4,T,AlmaS00483,Passw0rd
Student,S00484,3,F,AltonS00484,Passw0rd
Student,S00485,3,T,AndresS00485,Passw0rd
Student,S00486,1,T,BurlS00486,Passw0rd
Student,S00487,4,T,CiceroS00487,Passw0rd
Student,S00488,4,T,DeanS00488,Passw0rd
Student,S00489,1,F,DorseyS00489,Passw0rd
Student,S00490,3,T,EnosS00490,Passw0rd
Student,S00491,4,T,HowellS00491,Passw0rd
Student,S00492,1,T,LouS00492,Passw0rd
Student,S00493,3,T,LoydS00493,Passw0rd
Student,S00494,4,F,MahlonS00494,Passw0rd
Student,S00495,4,F,NatS00495,Passw0rd
Student,S00496,2,T,OmarS00496,Passw0rd
Student,S00497,4,F,OranS00497,Passw0rd
Student,S00498,2,F,ParkerS00498,Passw0rd
Student,S00499,2,T,RaleighS00499,Passw0rd
Student,S00500,3,F,ReginaldS00500,Passw0rd
Student,S00501,1,T,RubinS00501,Passw0rd
Student,S00502,3,F,SeymourS00502,Passw0rd
Student,S00503,2,F,WmS00503,Passw0rd
Student,S00504,2,T,YoungS00504,Passw0rd
Student,S00505,2,T,BenjamineS00505,Passw0rd
Student,S00506,4,F,CareyS00506,Passw0rd
Student,S00507,2,T,CarltonS00507,Passw0rd
Student,S00508,3,T,EldridgeS00508,Passw0rd
Student,S00509,1,T,ElzieS00509,Passw0rd
Student,S00510,1,T,GarrettS00510,Passw0rd
Student,S00511,1,T,IshamS00511,Passw0rd
Student,S00512,4,T,JohnsonS00512,Passw0rd
Student,S00513,4,F,LarryS00513,Passw0rd
Student,S00514,1,F,LoganS00514,Passw0rd
Student,S00515,4,T,MerrillS00515,Passw0rd
Student,S00516,3,T,MontS00516,Passw0rd
Student,S00517,2,F,OrenS00517,Passw0rd
Student,S00518,1,T,PierreS00518,Passw0rd
Student,S00519,4,T,RexS00519,Passw0rd
Student,S00520,4,T,RodneyS00520,Passw0rd
Student,S00521,1,T,TedS00521,Passw0rd
Student,S00522,3,F,WebsterS00522,Passw0rd
Student,S00523,2,F,WestS00523,Passw0rd
Student,S00524,4,T,WheelerS00524,Passw0rd
Student,S00525,3,T,WillamS00525,Passw0rd
Student,S00526,4,F,AlS00526,Passw0rd
Student,S00527,2,F,AloysiusS00527,Passw0rd
Student,S00528,3,F,AlvieS00528,Passw0rd
Student,S00529,3,F,AnnaS00529,Passw0rd
Student,S00530,3,F,ArtS00530,Passw0rd
Student,S00531,3,F,AugustineS00531,Passw0rd
Student,S00532,4,F,BaileyS00532,Passw0rd
Student,S00533,2,F,BenjamanS00533,Passw0rd
Student,S00534,3,T,BeverlyS00534,Passw0rd
Student,S00535,4,F,BishopS00535,Passw0rd
Student,S00536,4,F,ClairS00536,Passw0rd
Student,S00537,4,T,CloydS00537,Passw0rd
Student,S00538,1,T,ColemanS00538,Passw0rd
Student,S00539,4,F,DanaS00539,Passw0rd
Student,S00540,1,T,DuncanS00540,Passw0rd
Student,S00541,4,T,DwightS00541,Passw0rd
Student,S00542,3,F,EmileS00542,Passw0rd
Student,S00543,3,T,EvertS00543,Passw0rd
Student,S00544,4,F,HendersonS00544,Passw0rd
Student,S00545,4,T,HunterS00545,Passw0rd
Student,S00546,1,F,JeanS00546,Passw0rd
Student,S00547,2,T,LemS00547,Passw0rd
Student,S00548,1,T,LuisS00548,Passw0rd
Student,S00549,2,T,MathiasS00549,Passw0rd
Student,S00550,3,T,MaynardS00550,Passw0rd
Student,S00551,4,T,MiguelS00551,Passw0rd
Student,S00552,2,T,MortimerS00552,Passw0rd
Student,S00553,3,T,NelsS00553,Passw0rd
Student,S00554,2,T,NorrisS00554,Passw0rd
Student,S00555,4,F,PatS00555,Passw0rd
Student,S00556,2,F,PhilS00556,Passw0rd
Student,S00557,1,F,RushS00557,Passw0rd
Student,S00558,1,F,SantiagoS00558,Passw0rd
Student,S00559,1,T,SolS00559,Passw0rd
Student,S00560,4,T,SydneyS00560,Passw0rd
Student,S00561,1,T,ThaddeusS00561,Passw0rd
Student,S00562,2,T,ThorntonS00562,Passw0rd
Student,S00563,1,F,TimS00563,Passw0rd
Student,S00564,3,T,TravisS00564,Passw0rd
Student,S00565,2,F,TrumanS00565,Passw0rd
Student,S00566,3,T,WatsonS00566,Passw0rd
Student,S00567,2,F,WebbS00567,Passw0rd
Student,S00568,2,T,WellingtonS00568,Passw0rd
Student,S00569,4,T,WinfredS00569,Passw0rd
Student,S00570,1,F,WylieS00570,Passw0rd
Student,S00571,4,F,AlecS00571,Passw0rd
Student,S00572,2,T,BasilS00572,Passw0rd
Student,S00573,2,T,BaxterS00573,Passw0rd
Student,S00574,2,T,BertrandS00574,Passw0rd
Student,S00575,1,T,BufordS00575,Passw0rd
Student,S00576,3,T,BurrS00576,Passw0rd
Student,S00577,2,F,ClevelandS00577,Passw0rd
Student,S00578,2,T,ColonelS00578,Passw0rd
Student,S00579,4,T,DempseyS00579,Passw0rd
Student,S00580,4,F,EarlyS00580,Passw0rd
Student,S00581,4,T,EllsworthS00581,Passw0rd
Student,S00582,1,F,FateS00582,Passw0rd
Student,S00583,4,T,FinleyS00583,Passw0rd
Student,S00584,4,T,GabeS00584,Passw0rd
Student,S00585,4,F,GarlandS00585,Passw0rd
Student,S00586,2,F,GeraldS00586,Passw0rd
Student,S00587,1,F,HerschelS00587,Passw0rd
Student,S00588,4,F,HezekiahS00588,Passw0rd
Student,S00589,2,F,JustusS00589,Passw0rd
Student,S00590,4,F,LindseyS00590,Passw0rd
Student,S00591,4,F,MarcellusS00591,Passw0rd
Student,S00592,3,F,OlafS00592,Passw0rd
Student,S00593,4,F,OlinS00593,Passw0rd
Student,S00594,4,T,PabloS00594,Passw0rd
Student,S00595,2,F,RollandS00595,Passw0rd
Student,S00596,4,T,TurnerS00596,Passw0rd
Student,S00597,2,T,VerneS00597,Passw0rd
Student,S00598,3,F,VolneyS00598,Passw0rd
Student,S00599,1,F,WilliamsS00599,Passw0rd
Student,S00600,4,T,AlmonS00600,Passw0rd
Student,S00601,1,F,AloisS00601,Passw0rd
Student,S00602,1,T,AlonzaS00602,Passw0rd
Student,S00603,1,F,AnsonS00603,Passw0rd
Student,S00604,1,T,AuthurS00604,Passw0rd
Student,S00605,1,F,BentonS00605,Passw0rd
Student,S00606,4,F,BillieS00606,Passw0rd
Student,S00607,1,T,CorneliousS00607,Passw0rd
Student,S00608,1,F,DariusS00608,Passw0rd
Student,S00609,4,F,DenisS00609,Passw0rd
Student,S00610,1,T,DillardS00610,Passw0rd
Student,S00611,4,F,DoctorS00611,Passw0rd
Student,S00612,2,F,ElvinS00612,Passw0rd
Student,S00613,1,T,EmmaS00613,Passw0rd
Student,S00614,4,T,EricS00614,Passw0rd
Student,S00615,4,T,EvansS00615,Passw0rd
Student,S00616,3,T,GideonS00616,Passw0rd
Student,S00617,3,T,HaywoodS00617,Passw0rd
Student,S00618,4,T,HilliardS00618,Passw0rd
Student,S00619,4,F,HoseaS00619,Passw0rd
Student,S00620,2,F,LincolnS00620,Passw0rd
Student,S00621,2,F,LonzoS00621,Passw0rd
Student,S00622,4,F,LuciousS00622,Passw0rd
Student,S00623,2,T,LumS00623,Passw0rd
Student,S00624,2,T,MalachiS00624,Passw0rd
Student,S00625,1,F,NewtS00625,Passw0rd
Student,S00626,2,F,NoelS00626,Passw0rd
Student,S00627,4,F,OrieS00627,Passw0rd
Student,S00628,3,T,PalmerS00628,Passw0rd
Student,S00629,3,F,PinkneyS00629,Passw0rd
Student,S00630,3,F,ShirleyS00630,Passw0rd
Student,S00631,3,F,SumnerS00631,Passw0rd
Student,S00632,3,F,TerryS00632,Passw0rd
Student,S00633,1,T,UrbanS00633,Passw0rd
Student,S00634,4,T,UriahS00634,Passw0rd
Student,S00635,2,T,ValentineS00635,Passw0rd
Student,S00636,4,T,WaldoS00636,Passw0rd
Student,S00637,3,T,WarnerS00637,Passw0rd
Student,S00638,2,T,WongS00638,Passw0rd
Student,S00639,2,T,ZebS00639,Passw0rd
Student,S00640,1,F,AbelS00640,Passw0rd
Student,S00641,4,F,AldenS00641,Passw0rd
Student,S00642,1,T,ArcherS00642,Passw0rd
Student,S00643,2,F,AveryS00643,Passw0rd
Student,S00644,2,T,CarsonS00644,Passw0rd
Student,S00645,1,F,CullenS00645,Passw0rd
Student,S00646,3,T,DocS00646,Passw0rd
Student,S00647,2,F,EbenS00647,Passw0rd
Student,S00648,4,F,EligeS00648,Passw0rd
Student,S00649,1,F,ElizabethS00649,Passw0rd
Student,S00650,1,T,ElmoreS00650,Passw0rd
Student,S00651,1,F,ErnstS00651,Passw0rd
Student,S00652,4,T,FinisS00652,Passw0rd
Student,S00653,4,F,FreddieS00653,Passw0rd
Student,S00654,3,F,GodfreyS00654,Passw0rd
Student,S00655,2,T,GussS00655,Passw0rd
Student,S00656,2,T,HampS00656,Passw0rd
Student,S00657,3,F,HermannS00657,Passw0rd
Student,S00658,4,T,IsadoreS00658,Passw0rd
Student,S00659,3,T,IsrealS00659,Passw0rd
Student,S00660,3,T,JonesS00660,Passw0rd
Student,S00661,2,F,JuneS00661,Passw0rd
Student,S00662,3,T,LacyS00662,Passw0rd
Student,S00663,4,T,LafeS00663,Passw0rd
Student,S00664,1,F,LelandS00664,Passw0rd
Student,S00665,4,T,LlewellynS00665,Passw0rd
Student,S00666,4,T,LudwigS00666,Passw0rd
Student,S00667,1,T,ManfordS00667,Passw0rd
Student,S00668,1,T,MaxwellS00668,Passw0rd
Student,S00669,2,T,MinnieS00669,Passw0rd
Student,S00670,1,F,ObieS00670,Passw0rd
Student,S00671,3,T,OctaveS00671,Passw0rd
Student,S00672,2,F,OrrinS00672,Passw0rd
Student,S00673,3,T,OssieS00673,Passw0rd
Student,S00674,2,F,OswaldS00674,Passw0rd
Student,S00675,2,T,ParkS00675,Passw0rd
Student,S00676,3,T,ParleyS00676,Passw0rd
Student,S00677,2,T,RamonS00677,Passw0rd
Student,S00678,2,T,RiceS00678,Passw0rd
Student,S00679,4,T,StonewallS00679,Passw0rd
Student,S00680,2,F,TheoS00680,Passw0rd
Student,S00681,2,F,TillmanS00681,Passw0rd
Student,S00682,1,F,AddieS00682,Passw0rd
Student,S00683,2,T,AronS00683,Passw0rd
Student,S00684,3,F,AshleyS00684,Passw0rd
Student,S00685,2,F,BernhardS00685,Passw0rd
Student,S00686,1,T,BertieS00686,Passw0rd
Student,S00687,4,T,BertonS00687,Passw0rd
Student,S00688,3,F,BusterS00688,Passw0rd
Student,S00689,1,T,ButlerS00689,Passw0rd
Student,S00690,4,F,CarletonS00690,Passw0rd
Student,S00691,2,F,CarrieS00691,Passw0rd
Student,S00692,1,T,ClaraS00692,Passw0rd
Student,S00693,1,F,ClaranceS00693,Passw0rd
Student,S00694,1,T,ClareS00694,Passw0rd
Student,S00695,2,F,CrawfordS00695,Passw0rd
Student,S00696,4,T,DanialS00696,Passw0rd
Student,S00697,3,F,DaytonS00697,Passw0rd
Student,S00698,4,T,DolphusS00698,Passw0rd
Student,S00699,1,F,ElderS00699,Passw0rd
Student,S00700,1,T,EphriamS00700,Passw0rd
Student,S00701,3,F,FayetteS00701,Passw0rd
Student,S00702,4,F,FelipeS00702,Passw0rd
Student,S00703,4,T,FernandoS00703,Passw0rd
Student,S00704,3,T,FlemS00704,Passw0rd
Student,S00705,3,T,FlorenceS00705,Passw0rd
Student,S00706,1,T,FordS00706,Passw0rd
Student,S00707,2,F,HarlanS00707,Passw0rd
Student,S00708,2,T,HayesS00708,Passw0rd
Student,S00709,4,F,HeneryS00709,Passw0rd
Student,S00710,4,F,HoyS00710,Passw0rd
Student,S00711,2,T,HustonS00711,Passw0rd
Student,S00712,2,T,IdaS00712,Passw0rd
Student,S00713,3,T,IvoryS00713,Passw0rd
Student,S00714,2,T,JonahS00714,Passw0rd
Student,S00715,1,T,JustinS00715,Passw0rd
Student,S00716,1,T,LenardS00716,Passw0rd
Student,S00717,3,T,LeopoldS00717,Passw0rd
Student,S00718,2,F,LionelS00718,Passw0rd
Student,S00719,2,F,ManleyS00719,Passw0rd
Student,S00720,1,T,MarquisS00720,Passw0rd
Student,S00721,3,T,MarshalS00721,Passw0rd
Student,S00722,2,F,MartS00722,Passw0rd
Student,S00723,2,F,OdieS00723,Passw0rd
Student,S00724,2,T,OlenS00724,Passw0rd
Student,S00725,2,F,OralS00725,Passw0rd
Student,S00726,3,T,OrleyS00726,Passw0rd
Student,S00727,4,F,OthaS00727,Passw0rd
Student,S00728,2,F,PressS00728,Passw0rd
Student,S00729,1,T,PriceS00729,Passw0rd
Student,S00730,3,T,QuincyS00730,Passw0rd
Student,S00731,1,T,RandallS00731,Passw0rd
Student,S00732,2,T,RichS00732,Passw0rd
Student,S00733,1,T,RichmondS00733,Passw0rd
Student,S00734,3,F,RomeoS00734,Passw0rd
Student,S00735,1,F,RusselS00735,Passw0rd
Student,S00736,1,F,RutherfordS00736,Passw0rd
Student,S00737,4,F,ShadeS00737,Passw0rd
Student,S00738,3,F,ShelbyS00738,Passw0rd
Student,S00739,2,T,SolonS00739,Passw0rd
Student,S00740,1,F,ThurmanS00740,Passw0rd
Student,S00741,4,F,TildenS00741,Passw0rd
Student,S00742,1,T,TroyS00742,Passw0rd
Student,S00743,4,F,WoodsonS00743,Passw0rd
Student,S00744,4,T,WorthS00744,Passw0rd
Student,S00745,2,T,AdenS00745,Passw0rd
Student,S00746,3,T,AlcideS00746,Passw0rd
Student,S00747,3,F,AlfS00747,Passw0rd
Student,S00748,1,T,AlgieS00748,Passw0rd
Student,S00749,1,T,ArlieS00749,Passw0rd
Student,S00750,1,F,BartS00750,Passw0rd
Student,S00751,4,T,BedfordS00751,Passw0rd
Student,S00752,4,T,BenitoS00752,Passw0rd
Student,S00753,3,T,BillyS00753,Passw0rd
Student,S00754,4,T,BirdS00754,Passw0rd
Student,S00755,4,F,BirtS00755,Passw0rd
Student,S00756,3,T,BrunoS00756,Passw0rd
Student,S00757,2,T,BurleyS00757,Passw0rd
Student,S00758,4,F,ChancyS00758,Passw0rd
Student,S00759,1,F,ClausS00759,Passw0rd
Student,S00760,4,T,CliffS00760,Passw0rd
Student,S00761,3,T,ClovisS00761,Passw0rd
Student,S00762,2,F,ConnieS00762,Passw0rd
Student,S00763,3,F,CreedS00763,Passw0rd
Student,S00764,2,F,DelosS00764,Passw0rd
Student,S00765,3,T,DukeS00765,Passw0rd
Student,S00766,3,T,EberS00766,Passw0rd
Student,S00767,2,T,EligahS00767,Passw0rd
Student,S00768,2,F,ElliotS00768,Passw0rd
Student,S00769,3,T,EltonS00769,Passw0rd
Student,S00770,2,F,EmmittS00770,Passw0rd
Student,S00771,4,F,GeneS00771,Passw0rd
Student,S00772,1,T,GoldenS00772,Passw0rd
Student,S00773,1,T,HalS00773,Passw0rd
Student,S00774,1,F,HardinS00774,Passw0rd
Student,S00775,3,F,HarmanS00775,Passw0rd
Student,S00776,1,F,HerveyS00776,Passw0rd
Student,S00777,1,T,HollisS00777,Passw0rd
Student,S00778,4,T,IveyS00778,Passw0rd
Student,S00779,4,F,JennieS00779,Passw0rd
Student,S00780,1,T,LenS00780,Passw0rd
Student,S00781,4,F,LindsayS00781,Passw0rd
Student,S00782,1,F,LonieS00782,Passw0rd
Student,S00783,2,T,LyleS00783,Passw0rd
Student,S00784,3,F,MacS00784,Passw0rd
Student,S00785,3,T,MalS00785,Passw0rd
Student,S00786,1,F,MathS00786,Passw0rd
Student,S00787,3,F,MillerS00787,Passw0rd
Student,S00788,1,T,OrsonS00788,Passw0rd
Student,S00789,2,F,OsborneS00789,Passw0rd
Student,S00790,2,T,PercivalS00790,Passw0rd
Student,S00791,4,F,PleasS00791,Passw0rd
Student,S00792,1,F,PlesS00792,Passw0rd
Student,S00793,1,T,RafaelS00793,Passw0rd
Student,S00794,2,T,RaoulS00794,Passw0rd
Student,S00795,3,T,RoderickS00795,Passw0rd
Student,S00796,4,F,RoseS00796,Passw0rd
Student,S00797,1,F,SheltonS00797,Passw0rd
Student,S00798,3,F,SidS00798,Passw0rd
Student,S00799,4,F,TheronS00799,Passw0rd
Student,S00800,2,F,TobiasS00800,Passw0rd
Student,S00801,1,T,ToneyS00801,Passw0rd
Student,S00802,3,F,TylerS00802,Passw0rd
Student,S00803,3,T,VanceS00803,Passw0rd
Student,S00804,1,T,VivianS00804,Passw0rd
Student,S00805,4,F,WaltonS00805,Passw0rd
Student,S00806,3,F,WattS00806,Passw0rd
Student,S00807,1,F,WeaverS00807,Passw0rd
Student,S00808,1,F,WiltonS00808,Passw0rd
Student,S00809,4,T,AdolfS00809,Passw0rd
Student,S00810,1,F,AlbinS00810,Passw0rd
Student,S00811,1,F,AlbionS00811,Passw0rd
Student,S00812,3,T,AllisonS00812,Passw0rd
Student,S00813,2,F,AlphaS00813,Passw0rd
Student,S00814,2,F,AlpheusS00814,Passw0rd
Student,S00815,3,F,AnastacioS00815,Passw0rd
Student,S00816,1,F,AndreS00816,Passw0rd
Student,S00817,4,F,AnnieS00817,Passw0rd
Student,S00818,2,F,ArlingtonS00818,Passw0rd
Student,S00819,3,T,ArmandS00819,Passw0rd
Student,S00820,1,T,AsberryS00820,Passw0rd
Student,S00821,4,T,AsburyS00821,Passw0rd
Student,S00822,2,F,AsherS00822,Passw0rd
Student,S00823,1,T,AugustinS00823,Passw0rd
Student,S00824,4,F,AutherS00824,Passw0rd
Student,S00825,3,T,AuthorS00825,Passw0rd
Student,S00826,2,F,BallardS00826,Passw0rd
Student,S00827,2,F,BlasS00827,Passw0rd
Student,S00828,1,F,CaesarS00828,Passw0rd
Student,S00829,3,T,CandidoS00829,Passw0rd
Student,S00830,4,F,CatoS00830,Passw0rd
Student,S00831,2,F,ClarkeS00831,Passw0rd
Student,S00832,4,T,ClementeS00832,Passw0rd
Student,S00833,4,F,ColinS00833,Passw0rd
Student,S00834,1,T,CommodoreS00834,Passw0rd
Student,S00835,2,T,CoraS00835,Passw0rd
Student,S00836,2,T,CoyS00836,Passw0rd
Student,S00837,1,T,CruzS00837,Passw0rd
Student,S00838,1,T,CurtS00838,Passw0rd
Student,S00839,3,T,DamonS00839,Passw0rd
Student,S00840,4,F,DavieS00840,Passw0rd
Student,S00841,4,T,DelmarS00841,Passw0rd
Student,S00842,4,T,DexterS00842,Passw0rd
Student,S00843,1,F,DoraS00843,Passw0rd
Student,S00844,4,T,DossS00844,Passw0rd
Student,S00845,3,T,DrewS00845,Passw0rd
Student,S00846,3,T,EdsonS00846,Passw0rd
Student,S00847,4,F,ElamS00847,Passw0rd
Student,S00848,3,F,ElihuS00848,Passw0rd
Student,S00849,3,F,ElizaS00849,Passw0rd
Student,S00850,2,F,ElsieS00850,Passw0rd
Student,S00851,1,F,ErieS00851,Passw0rd
Student,S00852,3,F,ErnieS00852,Passw0rd
Student,S00853,4,F,EthelS00853,Passw0rd
Student,S00854,2,F,FerdS00854,Passw0rd
Student,S00855,4,T,FriendS00855,Passw0rd
Student,S00856,1,T,GarryS00856,Passw0rd
Student,S00857,3,F,GaryS00857,Passw0rd
Student,S00858,3,F,GraceS00858,Passw0rd
Student,S00859,2,T,GustafS00859,Passw0rd
Student,S00860,3,F,HallieS00860,Passw0rd
Student,S00861,4,F,HamptonS00861,Passw0rd
Student,S00862,3,T,HarrieS00862,Passw0rd
Student,S00863,4,T,HattieS00863,Passw0rd
Student,S00864,1,T,HenceS00864,Passw0rd
Student,S00865,3,T,HillardS00865,Passw0rd
Student,S00866,1,F,HollieS00866,Passw0rd
Student,S00867,3,F,HolmesS00867,Passw0rd
Student,S00868,2,T,HopeS00868,Passw0rd
Student,S00869,4,F,HymanS00869,Passw0rd
Student,S00870,2,F,IshmaelS00870,Passw0rd
Student,S00871,4,F,JarrettS00871,Passw0rd
Student,S00872,3,T,JesseeS00872,Passw0rd
Student,S00873,3,F,JoesephS00873,Passw0rd
Student,S00874,3,F,JuniousS00874,Passw0rd
Student,S00875,1,T,KirkS00875,Passw0rd
Student,S00876,1,T,LevyS00876,Passw0rd
Student,S00877,1,F,MervinS00877,Passw0rd
Student,S00878,1,T,MichelS00878,Passw0rd
Student,S00879,4,F,MilfordS00879,Passw0rd
Student,S00880,3,F,MitchelS00880,Passw0rd
Student,S00881,2,T,NellieS00881,Passw0rd
Student,S00882,2,F,NobleS00882,Passw0rd
Student,S00883,4,F,ObedS00883,Passw0rd
Student,S00884,1,F,OdaS00884,Passw0rd
Student,S00885,4,T,OrrenS00885,Passw0rd
Student,S00886,2,F,OttisS00886,Passw0rd
Student,S00887,1,F,RafeS00887,Passw0rd
Student,S00888,1,T,ReddenS00888,Passw0rd
Student,S00889,4,F,ReeseS00889,Passw0rd
Student,S00890,3,F,RubeS00890,Passw0rd
Student,S00891,3,T,RubyS00891,Passw0rd
Student,S00892,1,T,RupertS00892,Passw0rd
Student,S00893,4,F,SalomonS00893,Passw0rd
Student,S00894,4,T,SammieS00894,Passw0rd
Student,S00895,1,T,SandersS00895,Passw0rd
Student,S00896,1,T,SolomanS00896,Passw0rd
Student,S00897,2,F,StacyS00897,Passw0rd
Student,S00898,4,F,StanfordS00898,Passw0rd
Student,S00899,1,T,StantonS00899,Passw0rd
Student,S00900,3,F,ThadS00900,Passw0rd
Student,S00901,4,T,TitusS00901,Passw0rd
Student,S00902,4,T,TracyS00902,Passw0rd
Student,S00903,3,T,VernieS00903,Passw0rd
Student,S00904,3,T,WendellS00904,Passw0rd
Student,S00905,3,T,WilhelmS00905,Passw0rd
Student,S00906,4,F,WillianS00906,Passw0rd
Student,S00907,2,F,YeeS00907,Passw0rd
Student,S00908,4,T,ZekeS00908,Passw0rd
Student,S00909,3,T,AbS00909,Passw0rd
Student,S00910,1,T,AbbottS00910,Passw0rd
Student,S00911,4,T,AgustusS00911,Passw0rd
Student,S00912,2,F,AlbertusS00912,Passw0rd
Student,S00913,2,F,AlmerS00913,Passw0rd
Student,S00914,4,F,AlphonsoS00914,Passw0rd
Student,S00915,1,F,AlviaS00915,Passw0rd
Student,S00916,2,T,ArtieS00916,Passw0rd
Student,S00917,4,F,ArvidS00917,Passw0rd
Student,S00918,1,F,AshbyS00918,Passw0rd
Student,S00919,2,T,AugustaS00919,Passw0rd
Student,S00920,2,T,AurthurS00920,Passw0rd
Student,S00921,1,T,BabeS00921,Passw0rd
Student,S00922,3,T,BaldwinS00922,Passw0rd
Student,S00923,1,F,BarnettS00923,Passw0rd
Student,S00924,3,F,BartholomewS00924,Passw0rd
Student,S00925,1,F,BartonS00925,Passw0rd
Student,S00926,4,F,BernieS00926,Passw0rd
Student,S00927,2,T,BlaineS00927,Passw0rd
Student,S00928,4,F,BostonS00928,Passw0rd
Student,S00929,4,F,BradS00929,Passw0rd
Student,S00930,3,T,BradfordS00930,Passw0rd
Student,S00931,4,F,BradleyS00931,Passw0rd
Student,S00932,3,F,BrooksS00932,Passw0rd
Student,S00933,4,F,BuckS00933,Passw0rd
Student,S00934,3,F,BuddS00934,Passw0rd
Student,S00935,4,F,CeylonS00935,Passw0rd
Student,S00936,1,T,ChalmersS00936,Passw0rd
Student,S00937,1,T,ChesleyS00937,Passw0rd
Student,S00938,1,T,ChinS00938,Passw0rd
Student,S00939,3,T,CleoS00939,Passw0rd
Student,S00940,1,T,CrockettS00940,Passw0rd
Student,S00941,2,T,CyrilS00941,Passw0rd
Student,S00942,2,T,DaisyS00942,Passw0rd
Student,S00943,3,F,DenverS00943,Passw0rd
Student,S00944,4,T,DowS00944,Passw0rd
Student,S00945,3,T,DuffS00945,Passw0rd
Student,S00946,2,T,EdieS00946,Passw0rd
Student,S00947,4,F,EdithS00947,Passw0rd
Student,S00948,1,F,ElickS00948,Passw0rd
Student,S00949,1,F,ElieS00949,Passw0rd
Student,S00950,2,T,EligaS00950,Passw0rd
Student,S00951,4,T,EliseoS00951,Passw0rd
Student,S00952,3,F,ElroyS00952,Passw0rd
Student,S00953,2,F,ElyS00953,Passw0rd
Student,S00954,2,F,EnnisS00954,Passw0rd
Student,S00955,3,T,EnriqueS00955,Passw0rd
Student,S00956,2,F,ErasmusS00956,Passw0rd
Student,S00957,2,T,EsauS00957,Passw0rd
Student,S00958,4,T,EveretteS00958,Passw0rd
Student,S00959,1,T,FirmanS00959,Passw0rd
Student,S00960,3,T,FlemingS00960,Passw0rd
Student,S00961,3,T,FloraS00961,Passw0rd
Student,S00962,3,T,GardnerS00962,Passw0rd
Student,S00963,4,F,GeeS00963,Passw0rd
Student,S00964,2,F,GorgeS00964,Passw0rd
Student,S00965,4,T,GottliebS00965,Passw0rd
Student,S00966,2,F,GregorioS00966,Passw0rd
Student,S00967,3,F,GregoryS00967,Passw0rd
Student,S00968,1,T,GustavusS00968,Passw0rd
Student,S00969,3,T,HalseyS00969,Passw0rd
Student,S00970,2,F,HandyS00970,Passw0rd
Student,S00971,2,F,HardieS00971,Passw0rd
Student,S00972,1,T,HarlS00972,Passw0rd
Student,S00973,2,T,HaydenS00973,Passw0rd
Student,S00974,3,F,HaysS00974,Passw0rd
Student,S00975,4,F,HermonS00975,Passw0rd
Student,S00976,3,F,HershelS00976,Passw0rd
Student,S00977,4,T,HollyS00977,Passw0rd
Student,S00978,1,F,HosteenS00978,Passw0rd
Student,S00979,3,F,HoytS00979,Passw0rd
Student,S00980,2,F,HudsonS00980,Passw0rd
Student,S00981,2,T,HueyS00981,Passw0rd
Student,S00982,4,T,HumphreyS00982,Passw0rd
Student,S00983,4,F,HuntS00983,Passw0rd
Student,S00984,3,F,HyrumS00984,Passw0rd
Student,S00985,3,F,IrvenS00985,Passw0rd
Student,S00986,3,F,IsamS00986,Passw0rd
Student,S00987,2,T,IvyS00987,Passw0rd
Student,S00988,1,F,JabezS00988,Passw0rd
Student,S00989,1,T,JewelS00989,Passw0rd
Student,S00990,1,F,JodieS00990,Passw0rd
Student,S00991,1,F,JuddS00991,Passw0rd
Student,S00992,1,T,JuliousS00992,Passw0rd
Student,S00993,2,F,JusticeS00993,Passw0rd
Student,S00994,4,F,KatherineS00994,Passw0rd
Student,S00995,1,T,KellyS00995,Passw0rd
Student,S00996,1,F,KitS00996,Passw0rd
Student,S00997,4,F,KnuteS00997,Passw0rd
Student,S00998,4,T,LavernS00998,Passw0rd
Student,S00999,4,F,LawyerS00999,Passw0rd
